[
  {
    "id": "4ae53fef-aa06-4ef7-bbbb-d73d6bfac643",
    "data": [
      {
        "text": "Introduce yourself",
        "userDefined": false
      }
    ],
    "isTemplate": false,
    "count": 0,
    "lang": "en",
    "updated": 0
  },
  {
    "id": "562620d3-3f93-48be-b0d4-f3c7d9c492f1",
    "data": [
      {
        "text": "who are you?",
        "userDefined": false
      }
    ],
    "isTemplate": false,
    "count": 0,
    "lang": "en",
    "updated": 0
  },
  {
    "id": "e532fde1-d650-47ce-9df3-290f6a17d232",
    "data": [
      {
        "text": "Tell me about you",
        "userDefined": false
      }
    ],
    "isTemplate": false,
    "count": 0,
    "lang": "en",
    "updated": 0
  }
]