[
  {
    "id": "322dcfd0-7f7e-49e3-ae12-9ed44a200619",
    "data": [
      {
        "text": "career goals?",
        "userDefined": false
      }
    ],
    "isTemplate": false,
    "count": 0,
    "lang": "en",
    "updated": 0
  },
  {
    "id": "1e77ea7b-c291-4ccf-b140-0a1071699569",
    "data": [
      {
        "text": "tell me about your career goals",
        "userDefined": false
      }
    ],
    "isTemplate": false,
    "count": 0,
    "lang": "en",
    "updated": 0
  },
  {
    "id": "4aff6aef-761d-496b-9fd4-5a0809a73316",
    "data": [
      {
        "text": "any career goals?",
        "userDefined": false
      }
    ],
    "isTemplate": false,
    "count": 0,
    "lang": "en",
    "updated": 0
  },
  {
    "id": "ee275938-17ff-4cea-8926-f9ab907d2d95",
    "data": [
      {
        "text": "What are your Career goals?",
        "userDefined": false
      }
    ],
    "isTemplate": false,
    "count": 0,
    "lang": "en",
    "updated": 0
  }
]