[
  {
    "id": "24554ad7-fa43-4e78-b213-d231ab4b6709",
    "data": [
      {
        "text": "are you certified in tech?",
        "userDefined": false
      }
    ],
    "isTemplate": false,
    "count": 0,
    "lang": "en",
    "updated": 0
  },
  {
    "id": "d1040cb0-bc2d-487f-93d8-fd05aed533a5",
    "data": [
      {
        "text": "do you have any certifications?",
        "userDefined": false
      }
    ],
    "isTemplate": false,
    "count": 0,
    "lang": "en",
    "updated": 0
  },
  {
    "id": "147f2500-84dd-4443-84af-7c8b0e1e96ed",
    "data": [
      {
        "text": "what certifications do you have?",
        "userDefined": false
      }
    ],
    "isTemplate": false,
    "count": 0,
    "lang": "en",
    "updated": 0
  }
]