[
  {
    "id": "06759fd3-51fd-4e85-bad4-8c2f4b3ecaad",
    "data": [
      {
        "text": "contact?",
        "userDefined": false
      }
    ],
    "isTemplate": false,
    "count": 0,
    "lang": "en",
    "updated": 0
  },
  {
    "id": "a3242df9-4c45-4976-80a7-22f03082d5ca",
    "data": [
      {
        "text": "give me contact details.",
        "userDefined": false
      }
    ],
    "isTemplate": false,
    "count": 0,
    "lang": "en",
    "updated": 0
  },
  {
    "id": "2ad0bf5e-a3d4-40a1-bb9c-e3a42685d25f",
    "data": [
      {
        "text": "How can i contact you?",
        "userDefined": false
      }
    ],
    "isTemplate": false,
    "count": 0,
    "lang": "en",
    "updated": 0
  }
]