[
  {
    "id": "c5a1b543-55db-4c51-8fe9-709c696ce29f",
    "data": [
      {
        "text": "any jokes?",
        "userDefined": false
      }
    ],
    "isTemplate": false,
    "count": 0,
    "lang": "en",
    "updated": 0
  },
  {
    "id": "36c3f85e-3df7-4f13-91b6-40ca25fae7c7",
    "data": [
      {
        "text": "any secrets?",
        "userDefined": false
      }
    ],
    "isTemplate": false,
    "count": 0,
    "lang": "en",
    "updated": 0
  },
  {
    "id": "73e28eb1-53fd-4023-ae9a-648fcfc54ddf",
    "data": [
      {
        "text": "tell me a secret about ",
        "userDefined": false
      },
      {
        "text": "vivek",
        "meta": "@sys.person",
        "alias": "person",
        "userDefined": false
      }
    ],
    "isTemplate": false,
    "count": 0,
    "lang": "en",
    "updated": 0
  },
  {
    "id": "9f212494-3ac3-4780-8c96-72b2f8a3952e",
    "data": [
      {
        "text": "give me a joke",
        "userDefined": false
      }
    ],
    "isTemplate": false,
    "count": 0,
    "lang": "en",
    "updated": 0
  },
  {
    "id": "d242f4c4-cc90-4cfa-8f6e-abc3ce05c836",
    "data": [
      {
        "text": "tell me a joke",
        "userDefined": false
      }
    ],
    "isTemplate": false,
    "count": 0,
    "lang": "en",
    "updated": 0
  }
]