[
  {
    "id": "ee9aae32-6a20-4908-8aa9-efa2f285eb39",
    "data": [
      {
        "text": "tell me about your projects",
        "userDefined": false
      }
    ],
    "isTemplate": false,
    "count": 0,
    "lang": "en",
    "updated": 0
  },
  {
    "id": "2255a21f-396c-44ef-86c0-fb48723d7f8b",
    "data": [
      {
        "text": "do you have any projects?",
        "userDefined": false
      }
    ],
    "isTemplate": false,
    "count": 0,
    "lang": "en",
    "updated": 0
  },
  {
    "id": "323694e8-732f-4c5f-bb67-612ba0b05e98",
    "data": [
      {
        "text": "show me your projects",
        "userDefined": false
      }
    ],
    "isTemplate": false,
    "count": 0,
    "lang": "en",
    "updated": 0
  },
  {
    "id": "ec5add2f-d02d-4a7e-b243-8ce127dc07de",
    "data": [
      {
        "text": "what are your projects?",
        "userDefined": false
      }
    ],
    "isTemplate": false,
    "count": 0,
    "lang": "en",
    "updated": 0
  }
]