[
  {
    "id": "6420f648-e50e-4ede-9ab9-2d5bb6cb1425",
    "data": [
      {
        "text": "can you show me more of your works?",
        "userDefined": false
      }
    ],
    "isTemplate": false,
    "count": 0,
    "lang": "en",
    "updated": 0
  },
  {
    "id": "76b519b0-0bba-40b9-8ee2-32de5f88de25",
    "data": [
      {
        "text": "need to see more of your works",
        "userDefined": false
      }
    ],
    "isTemplate": false,
    "count": 0,
    "lang": "en",
    "updated": 0
  },
  {
    "id": "40105c1d-c07a-4e35-b59c-11551009d526",
    "data": [
      {
        "text": "show me your profiles?",
        "userDefined": false
      }
    ],
    "isTemplate": false,
    "count": 0,
    "lang": "en",
    "updated": 0
  },
  {
    "id": "6e3aed25-71ac-4d67-8437-f57d469eac7a",
    "data": [
      {
        "text": "Share me you profile links",
        "userDefined": false
      }
    ],
    "isTemplate": false,
    "count": 0,
    "lang": "en",
    "updated": 0
  }
]